chart,ticker,start,end,change,matches,notes
01_JNJ_2004-04-15_2004-07-12.png,JNJ,2004-04-15,2004-07-12,+1.2%,,
02_JPM_2019-07-17_2019-10-09.png,JPM,2019-07-17,2019-10-09,-0.4%,,
03_LLY_2006-01-20_2006-04-17.png,LLY,2006-01-20,2006-04-17,-6.2%,,
04_SPY_2007-01-04_2007-03-30.png,SPY,2007-01-04,2007-03-30,+0.6%,,
05_NEE_2003-08-27_2003-11-19.png,NEE,2003-08-27,2003-11-19,+2.3%,,
06_WMT_2012-08-15_2012-11-09.png,WMT,2012-08-15,2012-11-09,-2.9%,,
07_AMZN_2016-09-29_2016-12-22.png,AMZN,2016-09-29,2016-12-22,-7.6%,,
08_CVX_2024-04-25_2024-07-22.png,CVX,2024-04-25,2024-07-22,-4.1%,,
09_LIN_2025-08-11_2025-11-03.png,LIN,2025-08-11,2025-11-03,-12.1%,,
10_PLD_2014-07-23_2014-10-15.png,PLD,2014-07-23,2014-10-15,-8.3%,,
11_BRK-B_2008-08-28_2008-11-20.png,BRK-B,2008-08-28,2008-11-20,-33.3%,,
