ticker,date,prev_close,open,close,return,gap,next_return,spy_return,volume_ratio,split,dividend,suspicion,explanation
EQIX,2001-10-15,12.4143,13.3512,15.225,0.2264,0.0755,0.0462,-0.0018,,0.0,0.0,,"Alternate. Equinix 2001-03: distressed after the dot-com bust (traded under $1 before a 1-for-32 reverse split in early 2003, recapitalized in late 2002). 20%+ daily moves were common; not individually verified."
EQIX,2001-10-25,13.5854,14.0539,9.6035,-0.2931,0.0345,0.122,0.018,,0.0,0.0,,"Alternate. Equinix 2001-03: distressed after the dot-com bust (traded under $1 before a 1-for-32 reverse split in early 2003, recapitalized in late 2002). 20%+ daily moves were common; not individually verified."
AMT,2001-11-06,7.7734,7.0993,5.0197,-0.3542,-0.0867,-0.1457,0.0155,8.8,0.0,0.0,,"Alternate. American Tower 2001-02: heavily indebted tower company during the telecom bust, trading at a few dollars; 20%+ daily moves were common. Not individually verified."
AMZN,2001-11-14,0.3645,0.3815,0.4745,0.3018,0.0466,-0.0464,0.001,3.8,0.0,0.0,,"Confirmed (same daily move on marketwatch.com, checked 2026-10-07): no specific news found. Heavy volume (3.8x) and no reversal suggest a real move during the post-9/11 tech rebound."
AMZN,2001-11-26,0.454,0.4915,0.6105,0.3447,0.0826,-0.0598,0.0022,5.7,0.0,0.0,,"Confirmed (same daily move on marketwatch.com, checked 2026-10-07): no specific news found. Heavy volume (5.7x) and no reversal suggest a real move."
EQIX,2001-11-27,30.6843,31.387,37.477,0.2214,0.0229,0.2125,-0.0043,2.2,0.0,0.0,,"Alternate. Equinix 2001-03: distressed after the dot-com bust (traded under $1 before a 1-for-32 reverse split in early 2003, recapitalized in late 2002). 20%+ daily moves were common; not individually verified."
EQIX,2001-11-28,37.477,42.1617,45.4409,0.2125,0.125,-0.1237,-0.0181,1.9,0.0,0.0,,"Alternate. Equinix 2001-03: distressed after the dot-com bust (traded under $1 before a 1-for-32 reverse split in early 2003, recapitalized in late 2002). 20%+ daily moves were common; not individually verified."
EQIX,2001-12-13,36.3059,36.7743,46.1436,0.271,0.0129,0.0102,-0.0194,3.7,0.0,0.0,,"Alternate. Equinix 2001-03: distressed after the dot-com bust (traded under $1 before a 1-for-32 reverse split in early 2003, recapitalized in late 2002). 20%+ daily moves were common; not individually verified."
EQIX,2001-12-26,53.1705,55.9813,69.0983,0.2996,0.0529,0.1424,0.0055,2.6,0.0,0.0,,"Alternate. Equinix 2001-03: distressed after the dot-com bust (traded under $1 before a 1-for-32 reverse split in early 2003, recapitalized in late 2002). 20%+ daily moves were common; not individually verified."
AMZN,2002-01-22,0.508,0.637,0.63,0.2402,0.2539,-0.0103,-0.0069,5.7,0.0,0.0,,"Real: first-ever quarterly net profit (Q4 2001). CNN: up $2.43 to $12.59 that day, matching +24.0%. money.cnn.com/2002/01/22/technology/amazon/"
EQIX,2002-02-08,34.1978,36.7744,42.6302,0.2466,0.0753,0.2198,0.0192,1.3,0.0,0.0,,"Alternate. Equinix 2001-03: distressed after the dot-com bust (traded under $1 before a 1-for-32 reverse split in early 2003, recapitalized in late 2002). 20%+ daily moves were common; not individually verified."
EQIX,2002-02-11,42.6302,44.7382,51.9994,0.2198,0.0495,-0.036,0.0123,0.8,0.0,0.0,,"Alternate. Equinix 2001-03: distressed after the dot-com bust (traded under $1 before a 1-for-32 reverse split in early 2003, recapitalized in late 2002). 20%+ daily moves were common; not individually verified."
EQIX,2002-04-18,15.9277,17.5674,19.207,0.2059,0.1029,0.0,-0.0043,2.0,0.0,0.0,,"Alternate. Equinix 2001-03: distressed after the dot-com bust (traded under $1 before a 1-for-32 reverse split in early 2003, recapitalized in late 2002). 20%+ daily moves were common; not individually verified."
EQIX,2002-04-29,14.9908,14.9908,11.7116,-0.2188,-0.0,0.14,-0.0049,2.8,0.0,0.0,,"Alternate. Equinix 2001-03: distressed after the dot-com bust (traded under $1 before a 1-for-32 reverse split in early 2003, recapitalized in late 2002). 20%+ daily moves were common; not individually verified."
AMT,2002-06-27,2.0796,2.1513,2.5098,0.2069,0.0345,-0.0143,0.0175,1.0,0.0,0.0,,"Alternate. American Tower 2001-02: heavily indebted tower company during the telecom bust, trading at a few dollars; 20%+ daily moves were common. Not individually verified."
AMT,2002-07-16,1.5776,1.5776,1.972,0.25,0.0,0.0364,-0.0193,0.9,0.0,0.0,,"Alternate. American Tower 2001-02: heavily indebted tower company during the telecom bust, trading at a few dollars; 20%+ daily moves were common. Not individually verified."
EQIX,2002-07-17,9.3693,9.8377,11.4773,0.225,0.05,0.1837,0.002,1.4,0.0,0.0,,"Alternate. Equinix 2001-03: distressed after the dot-com bust (traded under $1 before a 1-for-32 reverse split in early 2003, recapitalized in late 2002). 20%+ daily moves were common; not individually verified."
NVDA,2002-07-31,0.1236,0.0901,0.0844,-0.3175,-0.2713,-0.0958,0.0024,3.7,0.0,0.0,,Real: revenue warning (quarterly revenue down about 26%) amid PC weakness and an Xbox inventory write-off. theregister.com/2002/08/19/nvidia_takes_xbox_writeoff_hit/
AMT,2002-08-07,1.6063,1.5418,1.1474,-0.2857,-0.0402,-0.0625,0.0174,3.9,0.0,0.0,,"Alternate. American Tower 2001-02: heavily indebted tower company during the telecom bust, trading at a few dollars; 20%+ daily moves were common. Not individually verified."
EQIX,2002-08-09,12.18,9.3693,8.6666,-0.2885,-0.2308,0.0,0.0037,2.9,0.0,0.0,,"Alternate. Equinix 2001-03: distressed after the dot-com bust (traded under $1 before a 1-for-32 reverse split in early 2003, recapitalized in late 2002). 20%+ daily moves were common; not individually verified."
EQIX,2002-08-13,8.6666,8.9008,10.7746,0.2432,0.027,-0.1304,-0.0182,3.3,0.0,0.0,,"Alternate. Equinix 2001-03: distressed after the dot-com bust (traded under $1 before a 1-for-32 reverse split in early 2003, recapitalized in late 2002). 20%+ daily moves were common; not individually verified."
EQIX,2002-09-04,6.3243,6.3243,7.7296,0.2222,0.0,-0.0303,0.0143,0.8,0.0,0.0,,"Alternate. Equinix 2001-03: distressed after the dot-com bust (traded under $1 before a 1-for-32 reverse split in early 2003, recapitalized in late 2002). 20%+ daily moves were common; not individually verified."
EQIX,2002-09-18,4.9189,5.3873,6.3243,0.2857,0.0952,-0.0741,-0.01,4.5,0.0,0.0,,"Alternate. Equinix 2001-03: distressed after the dot-com bust (traded under $1 before a 1-for-32 reverse split in early 2003, recapitalized in late 2002). 20%+ daily moves were common; not individually verified."
EQIX,2002-09-27,5.8558,5.8558,7.7296,0.32,-0.0,0.0303,-0.0348,2.1,0.0,0.0,,"Alternate. Equinix 2001-03: distressed after the dot-com bust (traded under $1 before a 1-for-32 reverse split in early 2003, recapitalized in late 2002). 20%+ daily moves were common; not individually verified."
AMT,2002-10-08,0.6812,0.7028,0.5378,-0.2105,0.0316,-0.0533,0.0157,12.5,0.0,0.0,,"Alternate. American Tower 2001-02: heavily indebted tower company during the telecom bust, trading at a few dollars; 20%+ daily moves were common. Not individually verified."
AEP,2002-10-09,8.6012,8.3534,6.6414,-0.2278,-0.0288,0.1984,-0.0282,5.9,0.0,0.0,,"Unverified: AEP fell 23% then rebounded 20% at the October 2002 market low, during the energy-trading scandals. Check against a second source only if AEP is promoted."
AMT,2002-10-15,0.6095,0.753,0.6741,0.1059,0.2353,-0.1489,0.0481,0.8,0.0,0.0,,"Alternate. American Tower 2001-02: heavily indebted tower company during the telecom bust, trading at a few dollars; 20%+ daily moves were common. Not individually verified."
AMT,2002-10-23,0.5235,0.5378,0.6669,0.274,0.0274,0.2366,0.0076,2.0,0.0,0.0,,"Alternate. American Tower 2001-02: heavily indebted tower company during the telecom bust, trading at a few dollars; 20%+ daily moves were common. Not individually verified."
AMT,2002-10-24,0.6669,0.753,0.8247,0.2366,0.129,0.0435,-0.0204,2.1,0.0,0.0,,"Alternate. American Tower 2001-02: heavily indebted tower company during the telecom bust, trading at a few dollars; 20%+ daily moves were common. Not individually verified."
AMT,2002-11-04,1.0828,1.3266,1.2549,0.1589,0.2252,-0.1143,0.0095,1.1,0.0,0.0,reverses next day,"Alternate. Unverified: opened +22.5%, closed +15.9%, fell 11.4% next day. Typical of AMT's distressed 2002 trading; check against a second source only if AMT is promoted."
NVDA,2002-11-08,0.1109,0.0938,0.0866,-0.2192,-0.1546,-0.0775,-0.0122,3.2,0.0,0.0,,"Confirmed (same daily move on marketwatch.com, checked 2026-10-07): quarterly results and weak outlook during NV30 chip delays (reported after the Nov 7 close). Date not independently confirmed."
AMT,2002-11-14,0.9107,0.9537,1.1115,0.2205,0.0472,-0.0323,0.0189,1.0,0.0,0.0,,"Alternate. American Tower 2001-02: heavily indebted tower company during the telecom bust, trading at a few dollars; 20%+ daily moves were common. Not individually verified."
AMT,2002-11-18,1.0756,1.0828,1.4485,0.3467,0.0067,0.1386,-0.0101,1.5,0.0,0.0,,"Alternate. American Tower 2001-02: heavily indebted tower company during the telecom bust, trading at a few dollars; 20%+ daily moves were common. Not individually verified."
AMT,2002-11-21,1.6637,1.7282,2.0796,0.25,0.0388,0.2241,0.0186,1.4,0.0,0.0,,"Alternate. American Tower 2001-02: heavily indebted tower company during the telecom bust, trading at a few dollars; 20%+ daily moves were common. Not individually verified."
AMT,2002-11-22,2.0796,2.2589,2.5457,0.2241,0.0862,0.0761,-0.0071,5.1,0.0,0.0,,"Alternate. American Tower 2001-02: heavily indebted tower company during the telecom bust, trading at a few dollars; 20%+ daily moves were common. Not individually verified."
EQIX,2002-11-25,6.5585,7.0269,7.9639,0.2143,0.0714,0.0588,0.0006,6.5,0.0,0.0,,"Alternate. Equinix 2001-03: distressed after the dot-com bust (traded under $1 before a 1-for-32 reverse split in early 2003, recapitalized in late 2002). 20%+ daily moves were common; not individually verified."
MU,2002-12-18,12.9498,10.941,9.9659,-0.2304,-0.1551,-0.0029,-0.0116,4.1,0.0,0.0,,Likely real: quarterly loss reported during the 2002 memory-chip slump. Date not independently confirmed.
EQIX,2003-01-07,4.1283,4.2088,5.6362,0.3652,0.0195,-0.0922,-0.0025,5.1,0.0,0.0,,"Alternate. Equinix 2001-03: distressed after the dot-com bust (traded under $1 before a 1-for-32 reverse split in early 2003, recapitalized in late 2002). 20%+ daily moves were common; not individually verified."
EQIX,2003-02-05,2.4521,2.5326,3.0304,0.2358,0.0328,-0.0918,-0.0062,1.3,0.0,0.0,,"Alternate. Equinix 2001-03: distressed after the dot-com bust (traded under $1 before a 1-for-32 reverse split in early 2003, recapitalized in late 2002). 20%+ daily moves were common; not individually verified."
NVDA,2003-02-14,0.0752,0.0855,0.0918,0.2199,0.1368,0.0573,0.0219,3.7,0.0,0.0,,"Confirmed (same daily move on marketwatch.com, checked 2026-10-07): quarterly results (reported after the Feb 13 close). Date not independently confirmed."
EQIX,2003-05-05,2.9645,2.8474,3.938,0.3284,-0.0395,-0.0725,-0.0019,4.3,0.0,0.0,,"Alternate. Equinix 2001-03: distressed after the dot-com bust (traded under $1 before a 1-for-32 reverse split in early 2003, recapitalized in late 2002). 20%+ daily moves were common; not individually verified."
NVDA,2003-05-09,0.1224,0.1435,0.1629,0.3306,0.1725,-0.0281,0.0138,11.4,0.0,0.0,,"Confirmed (same daily move on marketwatch.com, checked 2026-10-07): quarterly results beat (reported after the May 8 close); volume 11.4x. Date not independently confirmed."
EQIX,2003-05-27,4.5382,4.7432,5.5484,0.2226,0.0452,0.0937,0.0175,2.2,0.0,0.0,,"Alternate. Equinix 2001-03: distressed after the dot-com bust (traded under $1 before a 1-for-32 reverse split in early 2003, recapitalized in late 2002). 20%+ daily moves were common; not individually verified."
EQIX,2003-07-16,7.7077,7.6857,9.3766,0.2165,-0.0028,0.0109,-0.0059,3.5,0.0,0.0,,"Alternate. Equinix 2001-03: distressed after the dot-com bust (traded under $1 before a 1-for-32 reverse split in early 2003, recapitalized in late 2002). 20%+ daily moves were common; not individually verified."
EQIX,2003-07-23,9.9402,10.028,12.8169,0.2894,0.0088,0.1011,0.0007,2.6,0.0,0.0,,"Alternate. Equinix 2001-03: distressed after the dot-com bust (traded under $1 before a 1-for-32 reverse split in early 2003, recapitalized in late 2002). 20%+ daily moves were common; not individually verified."
EQIX,2003-08-01,13.9441,12.9925,10.6941,-0.2331,-0.0682,0.1561,-0.0089,3.8,0.0,0.0,,"Alternate. Equinix 2001-03: distressed after the dot-com bust (traded under $1 before a 1-for-32 reverse split in early 2003, recapitalized in late 2002). 20%+ daily moves were common; not individually verified."
NVDA,2004-08-06,0.111,0.0771,0.0719,-0.3523,-0.3056,0.0445,-0.0143,8.4,0.0,0.0,,Real: Q2 FY2005 earnings miss (reported after the Aug 5 close).
MRK,2004-09-30,19.5301,14.4731,14.2998,-0.2678,-0.2589,0.0094,-0.0007,26.5,0.0,0.0,,Real: Merck withdrew Vioxx from the market; volume 26.5x.
AMZN,2006-07-26,1.6795,1.438,1.313,-0.2182,-0.1438,0.0114,0.0013,12.2,0.0,0.0,,Real: Q2 2006 earnings (reported after the Jul 25 close) disappointed on profit and spending.
AMZN,2007-04-25,2.2375,2.656,2.8405,0.2695,0.187,0.1051,0.0092,16.3,0.0,0.0,,Real: Q1 2007 earnings beat (reported after the Apr 24 close).
AMZN,2007-07-25,3.4625,4.233,4.309,0.2445,0.2225,-0.0252,0.002,6.9,0.0,0.0,,Real: Q2 2007 earnings beat (reported after the Jul 24 close).
NVDA,2008-07-03,0.4123,0.2968,0.2856,-0.3073,-0.2801,-0.0312,0.001,3.6,0.0,0.0,,Real: revenue warning and charge for defective laptop chips (announced after the Jul 2 close).
BAC,2008-07-16,13.4858,14.163,16.5078,0.2241,0.0502,0.1689,0.0245,2.1,0.0,0.0,,Real: financial-stock rally after Wells Fargo's strong earnings and the SEC's emergency short-sale order.
BAC,2008-09-15,25.0602,20.9677,19.7199,-0.2131,-0.1633,0.113,-0.0476,3.9,0.0,0.0,,Real: Lehman bankruptcy and Bank of America's agreement to buy Merrill Lynch; SPY -4.8%.
MS,2008-09-16,21.6814,16.091,19.3307,-0.1084,-0.2578,-0.2422,0.0167,5.7,0.0,0.0,,"Real: Morgan Stanley plunged the day after Lehman's bankruptcy; opened -26%, recovered to -11%."
MS,2008-09-17,19.3307,15.377,14.6496,-0.2422,-0.2045,0.0368,-0.045,12.5,0.0,0.0,,Real: continued run on investment banks after Lehman and AIG; SPY -4.5%.
BAC,2008-09-19,22.7131,28.6254,27.8381,0.2256,0.2603,-0.0888,0.0397,1.7,0.0,0.0,,Real (market-wide): SEC ban on short-selling financial stocks and Treasury bailout plan; SPY +4.0%.
MS,2008-09-19,15.1884,18.3272,18.3272,0.2067,0.2067,-0.0044,0.0397,0.0,0.0,0.0,,Real: short-selling ban on financials and bailout plan; SPY +4.0%. Note: volume_ratio of 0.0 suggests Yahoo's volume for this day is wrong (volume isn't used in features).
UNH,2008-09-30,16.0416,18.0888,19.3951,0.209,0.1276,-0.0122,0.0414,1.1,0.0,0.0,undoes previous day,Real (market-wide): rebound after the House rejected the TARP bailout on Sep 29; SPY +4.1%.
BAC,2008-10-07,23.9312,22.0224,17.655,-0.2623,-0.0798,-0.0703,-0.0448,1.3,0.0,0.0,,Real: Bank of America cut its dividend and announced a $10B stock sale after weak Q3 earnings; SPY -4.5%.
MS,2008-10-07,15.8283,16.3537,11.8881,-0.2489,0.0332,-0.0482,-0.0448,1.3,0.0,0.0,,Real (market-wide): bank selloff during the October 2008 crash; SPY -4.5%.
MS,2008-10-09,11.3156,12.1103,8.3856,-0.2589,0.0702,-0.2225,-0.0698,1.4,0.0,0.0,market-wide,Real (market-wide): October 2008 crash; SPY -7.0%.
BRK-B,2008-10-10,77.1,60.0,75.6,-0.0195,-0.2218,0.0437,-0.0243,2.6,0.0,0.0,"gap only, check the open","Anomalous opening print, not a vendor error: Yahoo shows BRK-B opening at $3,000 unadjusted (about −22% from the prior close), in line with the $3,009.99 open Google Finance reports, then closing at $3,780. That close is within 0.3% of BRK-A's Oct 10 close of $113,100 divided by 30 ($3,770), and BRK-A's intraday low that day was only about 9% below its prior close (both figures from a CNBC article dated Oct 27, 2008), so the open reflects a disorderly first trade during the October 2008 crash. Kept as recorded; one candle out of about 140,000."
MS,2008-10-10,8.3856,6.1899,6.5199,-0.2225,-0.2618,0.8698,-0.0243,2.7,0.0,0.0,,Real: fears the Mitsubishi UFJ investment would collapse; extreme market volatility.
CVX,2008-10-13,28.3149,29.4606,34.2197,0.2085,0.0405,-0.0193,0.1452,1.5,0.0,0.0,market-wide,Real (market-wide): record rally after coordinated government bank-rescue measures; SPY +14.5%.
FCX,2008-10-13,12.9744,14.0809,16.1939,0.2481,0.0853,-0.0976,0.1452,1.3,0.0,0.0,market-wide,Real (market-wide): record rally after coordinated government bank-rescue measures; SPY +14.5%.
MS,2008-10-13,6.5199,10.3928,12.1912,0.8698,0.594,0.2122,0.1452,2.4,0.0,0.0,market-wide,Real: Mitsubishi UFJ's $9B investment was finalized; famous +87% day. SPY +14.5%.
UNH,2008-10-13,13.2534,13.7958,17.8597,0.3476,0.0409,-0.0167,0.1452,1.6,0.0,0.0,market-wide,Real (market-wide): record rally after coordinated government bank-rescue measures; SPY +14.5%.
MS,2008-10-14,12.1912,14.2859,14.7776,0.2122,0.1718,-0.1634,-0.0148,1.5,0.0,0.0,reverses next day,Real: Treasury announced capital injections into major banks including Morgan Stanley; market fell sharply the next day.
CMCSA,2008-10-28,4.2668,4.3169,5.3131,0.2452,0.0117,-0.0991,0.1169,1.0,0.0,0.0,market-wide,Real (market-wide): crash-era rally; SPY +11.7%.
NEM,2008-10-28,14.9383,15.4446,18.3574,0.2289,0.0339,-0.0215,0.1169,1.0,0.0,0.0,market-wide,Real (market-wide): crash-era rally; SPY +11.7%.
PLD,2008-10-28,8.5859,9.0231,10.3401,0.2043,0.0509,0.0482,0.1169,1.5,0.0,0.0,undoes previous day; market-wide,Real (market-wide): crash-era rally; SPY +11.7%.
PLD,2008-11-12,10.6203,10.3681,7.4258,-0.3008,-0.0237,0.2634,-0.044,1.8,0.0,0.0,,"Confirmed (same daily move on marketwatch.com, checked 2026-10-07): REIT refinancing fears; ProLogis announced plans that month to cut development, reduce debt and sell assets (SEC 8-K). Rebounded 26% next day. Exact catalyst unconfirmed."
PLD,2008-11-13,7.4258,7.8013,9.3818,0.2634,0.0506,-0.1189,0.0623,2.2,0.0,0.0,market-wide,Real (market-wide): crisis-era rally; SPY +6.2%.
PLD,2008-11-19,7.9919,7.9638,6.3105,-0.2104,-0.0035,-0.0977,-0.0641,1.3,0.0,0.0,market-wide,Real (market-wide): crisis selloff; SPY -6.4%.
NEM,2008-11-21,15.9509,16.9911,19.9663,0.2517,0.0652,0.0938,0.0539,2.3,0.0,0.0,market-wide,Real (market-wide): gold-price surge plus crisis-era rally; SPY +5.4%.
AMT,2008-11-24,15.0017,15.3531,18.035,0.2022,0.0234,-0.0024,0.0693,1.4,0.0,0.0,market-wide,Real (market-wide): rally after the government's Citigroup rescue (announced Nov 23); SPY +6.9%.
BAC,2008-11-24,8.5193,9.3512,10.8366,0.272,0.0976,0.0144,0.0693,1.6,0.0,0.0,market-wide,Real (market-wide): rally after the government's Citigroup rescue (announced Nov 23); SPY +6.9%.
JPM,2008-11-24,14.6639,15.4384,17.8007,0.2139,0.0528,0.0794,0.0693,1.9,0.0,0.0,market-wide,Real (market-wide): rally after the government's Citigroup rescue (announced Nov 23); SPY +6.9%.
MS,2008-11-24,6.8535,7.2354,9.1243,0.3313,0.0557,0.0665,0.0693,1.6,0.0,0.0,market-wide,Real (market-wide): rally after the government's Citigroup rescue (announced Nov 23); SPY +6.9%.
PLD,2008-11-24,6.2937,6.333,7.8518,0.2476,0.0062,0.1021,0.0693,1.9,0.0,0.0,market-wide,"Real (market-wide): Citigroup rescue rally (SPY +6.9%), and ProLogis agreed on Nov 23 to sell its China operations and Japan fund stakes to GIC for $1.3B (SEC 8-K)."
BAC,2008-12-01,12.0696,11.5794,9.5443,-0.2092,-0.0406,0.1183,-0.0886,1.0,0.0,0.0,market-wide,Real (market-wide): NBER declared a recession had begun in Dec 2007; SPY -8.9%.
MS,2008-12-01,10.0586,9.4994,7.74,-0.2305,-0.0556,0.0608,-0.0886,1.0,0.0,0.0,market-wide,Real (market-wide): NBER declared a recession had begun in Dec 2007; SPY -8.9%.
PLD,2008-12-01,9.6508,9.2977,7.3698,-0.2364,-0.0366,0.1962,-0.0886,1.2,0.0,0.0,market-wide,Real (market-wide): NBER declared a recession had begun in Dec 2007; SPY -8.9%.
PLD,2008-12-11,11.943,11.786,9.1015,-0.2379,-0.0131,0.1416,-0.0241,1.2,0.0,0.0,,"Confirmed (same daily move on marketwatch.com, checked 2026-10-07): REIT selloff during the crisis; rebounded 14% next day. No specific news found."
PLD,2008-12-16,10.0767,10.2392,12.5987,0.2503,0.0161,0.004,0.0471,0.9,0.0,0.0,,Real (market-wide): Fed cut rates to 0-0.25%; SPY +4.7%.
MU,2008-12-18,2.116,2.1941,2.5451,0.2028,0.0369,0.1456,-0.0187,2.0,0.0,0.0,,Unverified: memory-chip stocks during the 2008 crisis; no specific news found.
BAC,2009-01-20,5.4544,4.9226,3.8743,-0.2897,-0.0975,0.3098,-0.0528,2.9,0.0,0.0,market-wide,Real (market-wide): Inauguration-day bank selloff on nationalization fears; SPY -5.3%.
JPM,2009-01-20,14.9082,13.7192,11.8181,-0.2073,-0.0798,0.251,-0.0528,2.7,0.0,0.0,reverses next day; market-wide,Real (market-wide): Inauguration-day bank selloff on nationalization fears; SPY -5.3%.
BAC,2009-01-21,3.8743,4.2085,5.0745,0.3098,0.0863,-0.1452,0.0432,2.8,0.0,0.0,,Real (market-wide): bank-stock rebound after the previous day's selloff; SPY +4.3%.
JPM,2009-01-21,11.8181,12.602,14.784,0.251,0.0663,0.0208,0.0432,2.4,0.0,0.0,undoes previous day,Real (market-wide): bank-stock rebound after the previous day's selloff; SPY +4.3%.
MS,2009-01-21,8.9334,9.4994,11.4975,0.287,0.0634,0.0427,0.0432,1.8,0.0,0.0,,Real (market-wide): bank-stock rebound after the previous day's selloff; SPY +4.3%.
BAC,2009-02-06,3.6768,4.0946,4.6567,0.2665,0.1136,0.124,0.0285,2.2,0.0,0.0,,Likely real: bank rally on expectations for the Treasury's bank-rescue plan. Exact catalyst unconfirmed.
BAC,2009-02-24,2.9703,3.0614,3.5932,0.2097,0.0307,0.0909,0.0379,1.2,0.0,0.0,,Real (sector-wide): bank rally after Bernanke said nationalization wasn't needed; SPY +3.8%.
BAC,2009-02-27,4.0414,3.2286,3.0007,-0.2575,-0.2011,-0.081,-0.0223,1.0,0.0,0.0,,Real (sector-wide): bank selloff as the government moved to take a large Citigroup stake; SPY -2.2%.
BAC,2009-03-10,2.8566,3.3136,3.6488,0.2773,0.16,0.0292,0.0596,1.0,0.0,0.0,market-wide,Real (market-wide): bank rally after Citigroup said it was profitable in Jan-Feb; SPY +6.0%.
JPM,2009-03-10,10.3874,11.3346,12.7392,0.2264,0.0912,0.0462,0.0596,1.4,0.0,0.0,market-wide,Real (market-wide): bank rally after Citigroup said it was profitable in Jan-Feb; SPY +6.0%.
MS,2009-03-10,11.3938,12.3064,14.4081,0.2646,0.0801,0.0801,0.0596,1.4,0.0,0.0,market-wide,Real (market-wide): bank rally after Citigroup said it was profitable in Jan-Feb; SPY +6.0%.
BAC,2009-03-18,4.7762,4.8447,5.8426,0.2233,0.0144,-0.0965,0.0224,1.5,0.0,0.0,,Real (sector-wide): Fed announced large Treasury and mortgage-bond purchases (QE1); SPY +2.2%.
BAC,2009-03-23,4.7152,5.6141,5.9416,0.2601,0.1906,-0.0744,0.0718,1.2,0.0,0.0,market-wide,Real (market-wide): Treasury's Public-Private Investment Program for toxic assets; SPY +7.2%.
JPM,2009-03-23,15.1237,16.5283,18.854,0.2467,0.0929,-0.0852,0.0718,1.1,0.0,0.0,market-wide,Real (market-wide): Treasury's Public-Private Investment Program for toxic assets; SPY +7.2%.
MS,2009-03-23,13.9933,15.3,16.8902,0.207,0.0934,0.0282,0.0718,1.2,0.0,0.0,market-wide,Real (market-wide): Treasury's Public-Private Investment Program for toxic assets; SPY +7.2%.
PLD,2009-03-23,6.7533,7.0055,8.2497,0.2216,0.0373,-0.1637,0.0718,1.3,0.0,0.0,reverses next day; market-wide,Real (market-wide): Treasury toxic-asset plan; SPY +7.2%. Fell 16% next day; catalyst for that drop unconfirmed.
BAC,2009-04-09,5.3779,6.2082,7.2747,0.3527,0.1544,0.1539,0.0397,2.2,0.0,0.0,,Real: Wells Fargo's preliminary record Q1 profit sparked a bank rally.
BAC,2009-04-20,8.0745,7.427,6.1092,-0.2434,-0.0802,0.0923,-0.0419,1.6,0.0,0.0,,Real: bank selloff on Bank of America's Q1 2009 earnings day amid credit-loss fears; SPY -4.2%.
AMZN,2009-10-23,4.6725,5.5525,5.9245,0.268,0.1883,0.0519,-0.0114,8.6,0.0,0.0,,Real: Q3 2009 earnings beat (reported after the Oct 22 close).
EQIX,2010-10-06,76.9231,58.1626,51.487,-0.3307,-0.2439,0.0662,-0.0001,37.8,0.0,0.0,split-sized,Real: guidance cut announced after the Oct 5 close (Q3 revenue guidance lowered to $328-330M); volume 37.8x. 'Split-sized' hint is a coincidence (-33% is close to 2/3). rttnews.com/1437552
BAC,2011-08-08,6.265,5.6746,4.9921,-0.2032,-0.0942,0.1674,-0.0651,3.4,0.0,0.0,market-wide,Real (market-wide): first trading day after S&P downgraded U.S. debt; SPY -6.5%.
MU,2011-11-16,5.3242,5.3145,6.5724,0.2344,-0.0018,-0.0608,-0.0159,2.3,0.0,0.0,,Unverified: no specific news found.
AMZN,2015-07-24,24.109,28.9495,26.471,0.098,0.2008,0.0038,-0.0104,6.5,0.0,0.0,"gap only, check the open","Real: Q2 2015 surprise profit (reported after the Jul 23 close). Opened about +20% and faded to +9.8%, so the gap is genuine."
FCX,2015-08-27,7.1055,7.7424,9.142,0.2866,0.0896,0.0304,0.0247,3.2,0.0,0.0,,Real: Carl Icahn disclosed a large stake.
FCX,2016-01-11,4.8724,4.8634,3.8817,-0.2033,-0.0018,-0.0464,0.001,2.4,0.0,0.0,,Likely real: copper and commodity selloff. Exact catalyst unconfirmed.
NVDA,2016-11-11,1.6626,1.9506,2.1582,0.2981,0.1732,-0.0492,-0.0023,6.0,0.0,0.0,,Real: Q3 FY2017 earnings blowout (reported after the Nov 10 close).
COP,2020-03-09,35.8666,26.8624,26.9573,-0.2484,-0.251,0.0238,-0.0781,3.4,0.0,0.0,market-wide,Real (market-wide): oil price war plus COVID crash; SPY -7.8%.
TJX,2020-03-16,47.4454,42.2473,37.7668,-0.204,-0.1096,0.0356,-0.1094,1.5,0.0,0.0,market-wide,Real (market-wide): COVID crash; SPY -10.9%.
WELL,2020-03-16,42.7841,37.0356,32.3467,-0.244,-0.1344,-0.0036,-0.1094,1.5,0.0,0.0,market-wide,Real (market-wide): COVID crash; SPY -10.9%.
CVX,2020-03-18,53.2374,49.8634,41.4587,-0.2212,-0.0634,0.0425,-0.0506,1.5,0.0,0.0,market-wide,Real (market-wide): COVID crash and oil collapse; SPY -5.1%.
WELL,2020-03-19,27.7162,27.4075,34.1405,0.2318,-0.0111,0.0367,0.0021,1.4,0.0,0.0,,"Confirmed (same daily move on marketwatch.com, checked 2026-10-07): rebound during the week of the COVID crash; no specific news found."
COP,2020-03-24,19.4248,20.9281,24.3225,0.2521,0.0774,0.0065,0.0906,1.1,0.0,0.0,market-wide,Real (market-wide): COVID-era rally; SPY +9.1%.
CVX,2020-03-24,40.8336,46.3012,50.1195,0.2274,0.1339,0.0409,0.0906,1.4,0.0,0.0,market-wide,Real (market-wide): COVID-era rally; SPY +9.1%.
FCX,2020-03-24,5.0088,5.6501,6.4957,0.2968,0.128,0.0372,0.0906,1.2,0.0,0.0,market-wide,Real (market-wide): COVID-era rally; SPY +9.1%.
VLO,2020-11-09,30.7955,36.2334,40.4045,0.312,0.1766,-0.0024,0.0126,3.8,0.0,0.0,,Real (sector-wide): Pfizer vaccine-efficacy announcement set off a reopening rally; SPY +1.3%.
WELL,2020-11-09,47.5212,52.7676,57.7111,0.2144,0.1104,0.0177,0.0126,3.4,0.0,0.61,,Real (sector-wide): Pfizer vaccine-efficacy announcement set off a reopening rally; SPY +1.3%.
NVDA,2023-05-25,30.4414,38.4012,37.8599,0.2437,0.2615,0.0254,0.0087,3.8,0.0,0.0,,Real: Q1 FY2024 results with AI-driven revenue guidance far above estimates (after the May 24 close).
UNH,2025-04-17,562.3015,463.2183,436.4603,-0.2238,-0.1762,-0.0634,0.0014,5.0,0.0,0.0,,Real: Q1 2025 earnings miss and cut to full-year guidance.
